{"cameraMode":{"drawMode":0,"name":"Shaded","section":"Shading Mode"},"sceneLighting":true,"audioPlay":false,"sceneViewState":{"showFog":true,"showMaterialUpdate":false,"showSkybox":true,"showFlares":true,"showImageEffects":true,"showParticleSystems":true},"in2DMode":false,"pivot":{"x":-51.244224548339847,"y":-64.85078430175781,"z":-8.017494201660157},"rotation":{"x":-0.2527068555355072,"y":0.6877958178520203,"z":-0.28074660897254946,"w":-0.620001494884491},"size":183.241455078125,"orthographic":false}