{"cameraMode":{"drawMode":0,"name":"Shaded","section":"Shading Mode"},"sceneLighting":false,"audioPlay":false,"sceneViewState":{"showFog":true,"showMaterialUpdate":false,"showSkybox":false,"showFlares":true,"showImageEffects":true,"showParticleSystems":true},"in2DMode":false,"pivot":{"x":16.414302825927736,"y":-18.441282272338868,"z":8.951967239379883},"rotation":{"x":0.30906909704208376,"y":0.3914749324321747,"z":-0.1414702832698822,"w":0.8551353216171265},"size":43.61970138549805,"orthographic":false}