{"cameraMode":{"drawMode":0,"name":"Shaded","section":"Shading Mode"},"sceneLighting":true,"audioPlay":false,"sceneViewState":{"showFog":true,"showMaterialUpdate":false,"showSkybox":true,"showFlares":true,"showImageEffects":true,"showParticleSystems":true},"in2DMode":false,"pivot":{"x":-1.5158157348632813,"y":-0.17421627044677735,"z":1.0864982604980469},"rotation":{"x":-0.09553609043359757,"y":0.8808678388595581,"z":-0.20196619629859925,"w":-0.41745099425315859},"size":79.16946411132813,"orthographic":false}